conc,rate
2.856829,14.58342
5.005303,24.74123
7.519473,31.34551
22.101664,72.96985
27.769976,77.50099
39.198025,96.08794
45.483269,96.96624
203.784238,108.88374
